{"xy_sens": 12.0, "targeting_sens": 75.0, "xy_scale": 0.8333333333333334, "targeting_scale": 1.1111111111111112}